id,currency,symbol,name,logo_url,status,price,price_date,price_timestamp,circulating_supply,market_cap,num_exchanges,num_pairs,num_pairs_unmapped,first_candle,first_order_book,rank,rank_delta,high,high_timestamp,1d.volume,1d.price_change,1d.price_change_pct,1d.volume_change,1d.volume_change_pct,1d.market_cap_change,1d.market_cap_change_pct,max_supply,first_trade
KRT,KRT,KRT,TerraKRW,https://s3.us-east-2.amazonaws.com/nomics-api/static/images/currencies/KRT.jpg,active,0.00089569,2020-12-02T00:00:00Z,2020-12-02T21:07:00Z,115790687575,103712477,3,3,0,2019-06-11T00:00:00Z,2019-07-04T00:00:00Z,101,-2,0.00090043,2020-11-30T00:00:00Z,49094.24,0.00000379,0.0042,-102797.07,-0.6768,-2349074.84,-0.0221
BCD,BCD,BCD,Bitcoin Diamond,https://s3.us-east-2.amazonaws.com/nomics-api/static/images/currencies/bcd.svg,active,0.54910178,2020-12-02T00:00:00Z,2020-12-02T21:08:00Z,188156898,103317287,41,82,0,2017-11-24T00:00:00Z,2018-08-29T00:00:00Z,102,0,103.12161374,2017-11-25T00:00:00Z,1747663.04,0.00494509,0.0091,-1006482.15,-0.3654,930452.03,0.0091,210000000,2017-11-24T00:00:00Z
XDCE,XDCE,XDC,XinFin Digital Contract,https://s3.us-east-2.amazonaws.com/nomics-api/static/images/currencies/XDCE.jpg,active,0.00836225,2020-12-02T00:00:00Z,2020-12-02T21:07:00Z,12227607787,102250322,22,46,0,2018-04-05T00:00:00Z,2019-06-04T00:00:00Z,103,-3,0.01162118,2018-04-26T00:00:00Z,871043.55,-0.00011386,-0.0134,204744.47,0.3073,-1390268.53,-0.0134,37627607787,2018-04-05T00:00:00Z
CHSB,CHSB,CHSB,SwissBorg,https://s3.us-east-2.amazonaws.com/nomics-api/static/images/currencies/CHSB.png,active,0.11019845,2020-12-02T00:00:00Z,2020-12-02T21:08:00Z,927672280,102228045,10,20,0,2018-01-31T00:00:00Z,2019-07-26T00:00:00Z,104,-1,0.16726141,2020-06-17T00:00:00Z,515692.60,0.00363619,0.0341,-441450.29,-0.4612,3375309.51,0.0341,1000000000,2018-01-31T00:00:00Z
MONA,MONA,MONA,MonaCoin,https://s3.us-east-2.amazonaws.com/nomics-api/static/images/currencies/mona.svg,active,1.39807617,2020-12-02T00:00:00Z,2020-12-02T21:07:00Z,72755000,101717032,21,58,0,2014-04-19T00:00:00Z,2018-09-12T00:00:00Z,105,-1,15.06833335,2017-12-08T00:00:00Z,2985570.25,0.05650166,0.0421,-4367881.78,-0.5940,4110778.20,0.0421,105120000,2017-11-22T00:00:00Z
SOL,SOL,SOL,Solana,https://nomics-api.s3.us-east-2.amazonaws.com/static/images/currencies/SOL2.jpg,active,2.11835213,2020-12-02T00:00:00Z,2020-12-02T21:07:00Z,46264316,98004112,14,33,0,2020-04-07T00:00:00Z,2020-04-07T00:00:00Z,106,1,4.76079398,2020-08-31T00:00:00Z,18062799.67,0.11794395,0.0590,2612203.57,0.1691,5456994.24,0.0590,488630611,2020-04-10T00:00:00Z
AR,AR,AR,Arweave,https://s3.us-east-2.amazonaws.com/nomics-api/static/images/currencies/AR.jpeg,active,2.20949958,2020-12-02T00:00:00Z,2020-12-02T21:08:00Z,43825615,96832678,13,18,0,2020-02-13T00:00:00Z,2020-02-13T00:00:00Z,107,-2,6.90794797,2020-08-29T00:00:00Z,2478080.81,0.05779911,0.0269,-375470.61,-0.1316,2533081.39,0.0269,66000000,2020-06-20T00:00:00Z
LEND,LEND,LEND,Aave (Old),https://s3.us-east-2.amazonaws.com/nomics-api/static/images/currencies/lend.svg,active,0.86224892,2020-12-02T00:00:00Z,2020-12-02T21:08:00Z,108360225,93433487,71,161,1,2017-12-08T00:00:00Z,2018-08-29T00:00:00Z,108,8,0.86224892,2020-12-02T00:00:00Z,1306068.02,0.10967425,0.1457,100254.53,0.0831,10874882.82,0.1317,1299999942,2017-12-08T00:00:00Z
AVAX,AVAX,AVAX,Avalanche,https://s3.us-east-2.amazonaws.com/nomics-api/static/images/currencies/AVAX.png,active,3.80637388,2020-12-02T00:00:00Z,2020-12-02T21:09:00Z,24509772,93293354,20,41,0,2020-07-08T00:00:00Z,2020-07-08T00:00:00Z,109,1,4.72560312,2020-09-25T00:00:00Z,20507716.68,0.20556071,0.0571,-3615953.35,-0.1499,5038246.06,0.0571,360000000,2020-07-22T00:00:00Z
MATIC,MATIC,MATIC,Matic Network,https://s3.us-east-2.amazonaws.com/nomics-api/static/images/currencies/matic.png,active,0.01952549,2020-12-02T00:00:00Z,2020-12-02T21:08:00Z,4757759104,92897563,57,135,0,2019-04-26T00:00:00Z,2019-04-26T00:00:00Z,110,-2,0.04147589,2019-12-08T00:00:00Z,7842876.24,0.00058055,0.0306,-4267850.19,-0.3524,2762139.49,0.0306,10000000000,2019-04-26T00:00:00Z
HELIUM,HELIUM,HNT,Helium,https://s3.us-east-2.amazonaws.com/nomics-api/static/images/currencies/HELIUM.jpeg,active,1.43441292,2020-12-02T00:00:00Z,2020-12-02T21:06:00Z,62720643,89967300,6,13,0,2020-04-17T00:00:00Z,2020-04-17T00:00:00Z,111,0,1.87484641,2020-09-25T00:00:00Z,660070.24,0.04773688,0.0344,-559700.92,-0.4589,3211732.28,0.0370,,2020-09-15T00:00:00Z
XAUT,XAUT,XAUT,Tether Gold,https://s3.us-east-2.amazonaws.com/nomics-api/static/images/currencies/XAUT.svg,active,1837.10626983,2020-12-02T00:00:00Z,2020-12-02T21:08:00Z,48451,89009144,8,28,0,2020-01-24T00:00:00Z,2020-01-24T00:00:00Z,112,-3,2013.69294787,2020-08-10T00:00:00Z,331438.94,9.80729301,0.0054,6156.56,0.0189,475170.53,0.0054,,2020-01-24T00:00:00Z
REP,REP,REP,Augur,https://s3.us-east-2.amazonaws.com/nomics-api/static/images/currencies/rep.svg,active,15.81836321,2020-12-02T00:00:00Z,2020-12-02T21:09:00Z,5513550,87215331,90,195,0,2016-10-04T00:00:00Z,2018-08-29T00:00:00Z,113,1,109.89158044,2017-12-19T00:00:00Z,9399156.58,0.67944380,0.0449,980831.16,0.1165,3801780.88,0.0456,5513550,2016-10-04T00:00:00Z
BNT,BNT,BNT,Bancor,https://s3.us-east-2.amazonaws.com/nomics-api/static/images/currencies/bnt.svg,active,1.00107352,2020-12-02T00:00:00Z,2020-12-02T21:09:00Z,85117176,85208552,68,321,180,2017-06-09T00:00:00Z,2018-08-29T00:00:00Z,114,1,24.60793569,2017-06-19T00:00:00Z,23566781.34,0.02479520,0.0254,231722.40,0.0099,2110497.62,0.0254,88219898,2017-06-09T00:00:00Z
ENG,ENG,ENG,Enigma,https://s3.us-east-2.amazonaws.com/nomics-api/static/images/currencies/eng.svg,active,1.02751967,2020-12-02T00:00:00Z,2020-12-02T21:08:00Z,82717912,84994281,33,65,0,2017-08-04T00:00:00Z,2018-08-29T00:00:00Z,115,3,7.84076684,2018-01-10T00:00:00Z,1580059.42,0.04776890,0.0488,-19063.08,-0.0119,3951344.03,0.0488,150000000,2017-08-04T00:00:00Z
YFII,YFII,YFII,YFII.money,https://s3.us-east-2.amazonaws.com/nomics-api/static/images/currencies/YFII.jpg,active,2131.37789794,2020-12-02T00:00:00Z,2020-12-02T21:08:00Z,39725,84669837,43,86,0,2020-07-29T00:00:00Z,2020-07-29T00:00:00Z,116,5,8002.68385402,2020-09-01T00:00:00Z,179739978.17,220.56252040,0.1154,-5990376.55,-0.0323,8761934.10,0.1154,40000,2020-07-29T00:00:00Z
REPV2,REPV2,REP,Augur V2,https://s3.us-east-2.amazonaws.com/nomics-api/static/images/currencies/rep.svg,active,15.31660619,2020-12-02T00:00:00Z,2020-12-02T21:08:00Z,5513550,84448869,7,17,0,2016-10-07T00:00:00Z,2020-07-30T00:00:00Z,117,0,118.02979587,2017-12-19T00:00:00Z,552317.52,0.36270386,0.0243,291182.62,1.1151,2054739.58,0.0249,5513550,2020-08-04T00:00:00Z
GT,GT,GT,Gatechain Token,https://s3.us-east-2.amazonaws.com/nomics-api/static/images/currencies/GT.png,active,0.45282985,2020-12-02T00:00:00Z,2020-12-02T21:08:00Z,186481419,84444353,18,43,0,2019-04-21T00:00:00Z,2019-06-04T00:00:00Z,118,-5,0.98536901,2019-08-12T00:00:00Z,11759588.22,0.00045982,0.0010,-1024848.61,-0.0802,85747.00,0.0010,300000000,2019-04-21T00:00:00Z
CKB,CKB,CKB,Nervos Network,https://s3.us-east-2.amazonaws.com/nomics-api/static/images/currencies/CKB.png,active,0.00388711,2020-12-02T00:00:00Z,2020-12-02T21:08:00Z,21612084547,84008481,27,38,0,2019-08-15T00:00:00Z,2019-08-18T00:00:00Z,119,-7,0.01013146,2019-11-17T00:00:00Z,6258882.80,-0.00005471,-0.0139,-2148880.09,-0.2556,-1135509.09,-0.0133,,2019-11-16T00:00:00Z
MAID,MAID,MAID,MaidSafeCoin,https://s3.us-east-2.amazonaws.com/nomics-api/static/images/currencies/maid.svg,active,0.18438146,2020-12-02T00:00:00Z,2020-12-02T21:08:00Z,452552412,83442276,5,18,0,2014-07-09T00:00:00Z,2018-12-05T00:00:00Z,120,-1,1.17259633,2018-01-03T00:00:00Z,821150.44,0.01124037,0.0649,238833.51,0.4101,5086856.62,0.0649,452552412,2014-07-09T00:00:00Z
CVC,CVC,CVC,Civic,https://s3.us-east-2.amazonaws.com/nomics-api/static/images/currencies/cvc.svg,active,0.12395819,2020-12-02T00:00:00Z,2020-12-02T21:09:00Z,670000000,83051984,48,105,0,2017-06-16T00:00:00Z,2018-08-29T00:00:00Z,121,20,1.37247896,2018-01-03T00:00:00Z,197521611.95,0.03553316,0.4018,144961050.26,2.7580,23807216.78,0.4018,1000000000,2017-06-16T00:00:00Z
KAVA,KAVA,KAVA,Kava,https://s3.us-east-2.amazonaws.com/nomics-api/static/images/currencies/KAVA.png,active,1.76151776,2020-12-02T00:00:00Z,2020-12-02T21:09:00Z,46876230,82573312,24,41,0,2019-10-25T00:00:00Z,2019-10-25T00:00:00Z,122,-2,5.07725504,2020-08-16T00:00:00Z,20950632.86,0.09759887,0.0587,-4513917.62,-0.1773,4575066.92,0.0587,112571406,2019-10-25T00:00:00Z
UOS,UOS,UOS,Ultra,https://s3.us-east-2.amazonaws.com/nomics-api/static/images/currencies/UOS.png,active,0.15434091,2020-12-02T00:00:00Z,2020-12-02T21:08:00Z,509627061,78656305,12,20,0,2019-07-17T00:00:00Z,2019-07-17T00:00:00Z,123,4,0.20856005,2020-08-31T00:00:00Z,1130821.72,0.01484738,0.1064,-879347.56,-0.4374,7566628.69,0.1064,1000000000,2019-07-17T00:00:00Z
PAXG,PAXG,PAXG,PAX Gold,https://s3.us-east-2.amazonaws.com/nomics-api/static/images/currencies/PAXG.png,active,1836.06786169,2020-12-02T00:00:00Z,2020-12-02T21:08:00Z,41388,75991401,16,48,1,2019-09-10T00:00:00Z,2019-10-18T00:00:00Z,124,-2,2083.36242310,2020-08-06T00:00:00Z,2248576.95,15.77560611,0.0087,-1593403.18,-0.4147,652922.71,0.0087,41388,2019-10-01T00:00:00Z
RIF,RIF,RIF,RIF Token,https://s3.us-east-2.amazonaws.com/nomics-api/static/images/currencies/rif.jpg,active,0.11346529,2020-12-02T00:00:00Z,2020-12-02T21:06:00Z,666900011,75670006,12,25,0,2018-12-30T00:00:00Z,2019-01-15T00:00:00Z,125,5,0.29399385,2019-01-01T00:00:00Z,903757.04,0.00844507,0.0804,-41056.13,-0.0435,5632016.33,0.0804,1000000000,2019-01-15T00:00:00Z
KMD,KMD,KMD,Komodo,https://s3.us-east-2.amazonaws.com/nomics-api/static/images/currencies/kmd.svg,active,0.60022605,2020-12-02T00:00:00Z,2020-12-02T21:08:00Z,122999246,73827351,19,54,1,2017-02-11T00:00:00Z,2018-08-29T00:00:00Z,126,2,11.66730427,2017-12-22T00:00:00Z,3064116.37,0.02310420,0.0400,-1420778.45,-0.3168,2849895.08,0.0402,200000000,2017-11-07T00:00:00Z
SXP,SXP,SXP,Swipe,https://s3.us-east-2.amazonaws.com/nomics-api/static/images/currencies/SXP.jpg,active,0.95812000,2020-12-02T00:00:00Z,2020-12-02T21:08:00Z,76891062,73670864,32,90,0,2019-08-24T00:00:00Z,2019-09-12T00:00:00Z,127,-3,4.30816408,2020-08-13T00:00:00Z,43387865.74,0.01039305,0.0110,-36102852.07,-0.4542,799132.58,0.0110,289136212,2019-09-07T00:00:00Z
STEEM,STEEM,STEEM,Steem,https://s3.us-east-2.amazonaws.com/nomics-api/static/images/currencies/steem.svg,active,0.19652269,2020-12-02T00:00:00Z,2020-12-02T21:08:00Z,372750857,73254001,20,70,0,2016-04-17T00:00:00Z,2018-08-29T00:00:00Z,128,-5,8.05786047,2018-01-03T00:00:00Z,50947271.38,-0.00242414,-0.0122,12129020.34,0.3125,-890115.77,-0.0120,,2016-07-19T00:00:00Z
DIVI,DIVI,DIVI,Divi,https://s3.us-east-2.amazonaws.com/nomics-api/static/images/currencies/divi.jpg,active,0.03571583,2020-12-02T00:00:00Z,2020-12-02T21:07:00Z,2025671583,72348535,11,19,0,2019-04-20T00:00:00Z,2019-06-07T00:00:00Z,129,-4,0.07842898,2020-07-14T00:00:00Z,196529.26,-0.00010104,-0.0028,-146680.64,-0.4274,-159494.75,-0.0022,,2019-04-20T00:00:00Z
QC,QC,QC,Qcash,https://s3.us-east-2.amazonaws.com/nomics-api/static/images/currencies/QC.png,active,0.15585113,2020-12-02T00:00:00Z,2020-12-02T20:59:00Z,460000200,71691551,8,168,58,2018-08-24T00:00:00Z,2019-02-19T00:00:00Z,130,-1,0.15677778,2020-12-02T00:00:00Z,370682487.96,0.00207982,0.0135,-624561156.73,-0.6275,956715.88,0.0135,10000000000,
ARDR,ARDR,ARDR,Ardor,https://s3.us-east-2.amazonaws.com/nomics-api/static/images/currencies/ardr.svg,active,0.07119691,2020-12-02T00:00:00Z,2020-12-02T21:09:00Z,998999495,71125680,22,45,0,2016-10-13T00:00:00Z,2018-08-29T00:00:00Z,131,-5,2.19890966,2018-01-13T00:00:00Z,6710087.13,-0.00010737,-0.0015,-10992205.16,-0.6209,-107265.74,-0.0015,998999495,2016-10-13T00:00:00Z
RLC,RLC,RLC,iExec RLC,https://s3.us-east-2.amazonaws.com/nomics-api/static/images/currencies/rlc.svg,active,1.01224300,2020-12-02T00:00:00Z,2020-12-02T21:08:00Z,70233546,71093415,26,72,0,2017-04-27T00:00:00Z,2018-08-29T00:00:00Z,132,2,3.66859021,2018-01-14T00:00:00Z,1706726.91,0.05842499,0.0613,-463967.22,-0.2137,4103394.27,0.0613,86999784,2017-05-26T00:00:00Z
GNO,GNO,GNO,Gnosis,https://s3.us-east-2.amazonaws.com/nomics-api/static/images/currencies/gno.svg,active,63.63007384,2020-12-02T00:00:00Z,2020-12-02T21:07:00Z,1104590,70285143,35,70,0,2017-04-25T00:00:00Z,2018-09-12T00:00:00Z,133,-2,404.77473331,2018-01-05T00:00:00Z,659621.98,0.55772643,0.0088,-84063.69,-0.1130,616059.03,0.0088,10000000,2017-04-25T00:00:00Z
SUSD,SUSD,SUSD,sUSD,https://s3.us-east-2.amazonaws.com/nomics-api/static/images/currencies/SUSD.png,active,1.01151925,2020-12-02T00:00:00Z,2020-12-02T21:08:00Z,69217097,70014426,10,61,2,2018-07-13T00:00:00Z,2019-05-15T00:00:00Z,134,-1,1.21538873,2019-02-19T00:00:00Z,4876494.71,0.01331011,0.0133,-5655018.30,-0.5370,1784761.02,0.0262,69217097,2019-05-15T00:00:00Z
BNANA,BNANA,BNANA,Chimpion,https://s3.us-east-2.amazonaws.com/nomics-api/static/images/currencies/bnana.jpg,active,1.82250493,2020-12-02T00:00:00Z,2020-12-02T21:08:00Z,37451536,68255608,7,11,0,2019-05-06T00:00:00Z,2019-06-07T00:00:00Z,135,-3,1.83778658,2020-11-30T00:00:00Z,449137.63,-0.03118158,-0.0168,11265.92,0.0257,-1167797.96,-0.0168,100000000000,
CHZ,CHZ,CHZ,Chiliz,https://s3.us-east-2.amazonaws.com/nomics-api/static/images/currencies/CHZ.png,active,0.01272377,2020-12-02T00:00:00Z,2020-12-02T21:08:00Z,5344064580,67996663,34,83,9,2019-06-29T00:00:00Z,2019-07-17T00:00:00Z,136,1,0.01992606,2020-08-17T00:00:00Z,17109723.15,0.00062523,0.0517,9069017.19,1.1279,3341293.75,0.0517,8888888888,2019-06-29T00:00:00Z
KCS,KCS,KCS,KuCoin Shares,https://s3.us-east-2.amazonaws.com/nomics-api/static/images/currencies/kcs.jpg,active,0.84184885,2020-12-02T00:00:00Z,2020-12-02T21:07:00Z,80118638,67447784,9,26,0,2017-09-17T00:00:00Z,2019-06-04T00:00:00Z,137,-2,20.65499720,2018-01-10T00:00:00Z,7317969.00,0.01645465,0.0199,810976.80,0.1246,1318324.35,0.0199,170118638,2020-03-26T00:00:00Z
ARK,ARK,ARK,Ark,https://s3.us-east-2.amazonaws.com/nomics-api/static/images/currencies/ark.svg,active,0.43452085,2020-12-02T00:00:00Z,2020-12-02T21:08:00Z,153755412,66809932,22,204,38,2017-03-21T00:00:00Z,2018-08-29T00:00:00Z,138,-2,10.32204309,2018-01-10T00:00:00Z,3193241.74,0.01091862,0.0258,-1534855.74,-0.3246,1687821.68,0.0259,,2017-11-01T00:00:00Z
UBT,UBT,UBT,Unibright,https://s3.us-east-2.amazonaws.com/nomics-api/static/images/currencies/ubt.jpg,active,0.46409120,2020-12-02T00:00:00Z,2020-12-02T21:08:00Z,139600000,64787131,16,39,2,2018-05-20T00:00:00Z,2019-05-10T00:00:00Z,139,0,0.56566363,2020-05-23T00:00:00Z,1706295.94,0.01643815,0.0367,-372606.31,-0.1792,2294765.76,0.0367,150000000,2018-05-20T00:00:00Z
BTS,BTS,BTS,BitShares,https://s3.us-east-2.amazonaws.com/nomics-api/static/images/currencies/bts.svg,active,0.02347322,2020-12-02T00:00:00Z,2020-12-02T21:09:00Z,2710195992,63617036,43,178,0,2014-08-16T00:00:00Z,2018-08-29T00:00:00Z,140,-2,0.88567903,2018-01-03T00:00:00Z,8857905.74,0.00037571,0.0163,-5371893.16,-0.3775,1018256.98,0.0163,3600570502,2014-08-16T00:00:00Z
ANKR,ANKR,ANKR,Ankr,https://s3.us-east-2.amazonaws.com/nomics-api/static/images/currencies/ankr.png,active,0.00992980,2020-12-02T00:00:00Z,2020-12-02T21:08:00Z,6329566044,62851298,34,74,0,2017-07-09T00:00:00Z,2019-03-05T00:00:00Z,141,-1,0.01662517,2020-08-10T00:00:00Z,13356298.61,0.00051146,0.0543,-5737805.45,-0.3005,3237341.10,0.0543,10000000000,2019-03-05T00:00:00Z
LPT,LPT,LPT,livepeer,https://s3.us-east-2.amazonaws.com/nomics-api/static/images/currencies/lpt.jpg,active,2.60390371,2020-12-02T00:00:00Z,2020-12-02T21:08:00Z,22723969,59171027,11,21,0,2018-12-19T00:00:00Z,2018-12-19T00:00:00Z,142,34,9.35921894,2018-12-20T00:00:00Z,851792.86,0.87441703,0.5056,221197.49,0.3508,19880334.32,0.5060,22723969,2018-12-19T00:00:00Z
TOMO,TOMO,TOMO,TomoChain,https://s3.us-east-2.amazonaws.com/nomics-api/static/images/currencies/TOMO.png,active,0.76555531,2020-12-02T00:00:00Z,2020-12-02T21:08:00Z,76198450,58334128,27,61,0,2018-03-01T00:00:00Z,2019-06-05T00:00:00Z,143,4,2.11573711,2018-05-03T00:00:00Z,5152630.27,0.05517252,0.0777,-1742733.13,-0.2527,4210773.73,0.0778,100000000,2018-03-01T00:00:00Z
FTM,FTM,FTM,Fantom,https://s3.us-east-2.amazonaws.com/nomics-api/static/images/currencies/ftm.png,active,0.02291305,2020-12-02T00:00:00Z,2020-12-02T21:08:00Z,2536463262,58118119,34,79,1,2018-10-28T00:00:00Z,2019-06-04T00:00:00Z,144,5,0.05517265,2020-09-02T00:00:00Z,5220874.41,0.00189936,0.0904,-3645288.47,-0.4111,4828169.08,0.0906,3175000000,2018-10-29T00:00:00Z
WAXP,WAXP,WAXP,WAX Protocol Token,https://s3.us-east-2.amazonaws.com/nomics-api/static/images/currencies/WAX.png,active,0.04048656,2020-12-02T00:00:00Z,2020-12-02T21:08:00Z,1417377475,57384732,17,44,0,2018-01-04T00:00:00Z,2018-09-07T00:00:00Z,145,1,2.32162114,2018-01-15T00:00:00Z,2716936.85,0.00223332,0.0584,452204.13,0.1997,3186180.20,0.0588,3728232206,2018-01-04T00:00:00Z
IRIS,IRIS,IRIS,IRIS Network,https://s3.us-east-2.amazonaws.com/nomics-api/static/images/currencies/iris.jpg,active,0.06313020,2020-12-02T00:00:00Z,2020-12-02T21:08:00Z,898555319,56725979,15,34,0,2019-03-12T00:00:00Z,2019-04-09T00:00:00Z,146,-1,0.26320344,2019-04-08T00:00:00Z,2330780.10,0.00260800,0.0431,-1481804.03,-0.3887,2348827.64,0.0432,1993957077,2019-10-28T00:00:00Z
ELF,ELF,ELF,aelf,https://s3.us-east-2.amazonaws.com/nomics-api/static/images/currencies/elf.svg,active,0.12182623,2020-12-02T00:00:00Z,2020-12-02T21:08:00Z,461329999,56202095,62,147,0,2017-12-21T00:00:00Z,2018-08-29T00:00:00Z,147,12,2.44843967,2018-01-09T00:00:00Z,34943770.11,0.01525610,0.1432,19428236.28,1.2522,7038096.97,0.1432,880000000,2017-12-21T00:00:00Z
PNK,PNK,PNK,Kleros,https://s3.us-east-2.amazonaws.com/nomics-api/static/images/currencies/pnk.jpg,active,0.10681234,2020-12-02T00:00:00Z,2020-12-02T21:09:00Z,523496520,55915887,20,34,1,2018-07-16T00:00:00Z,2018-11-01T00:00:00Z,148,-4,0.17698187,2020-08-13T00:00:00Z,1068063.11,0.00241844,0.0232,-757225.23,-0.4149,1266042.55,0.0232,764626704,2018-07-16T00:00:00Z
STORJ,STORJ,STORJ,Storj,https://s3.us-east-2.amazonaws.com/nomics-api/static/images/currencies/storj.svg,active,0.37984345,2020-12-02T00:00:00Z,2020-12-02T21:08:00Z,143787439,54616717,51,128,0,2017-07-11T00:00:00Z,2018-08-29T00:00:00Z,149,4,2.64866351,2018-01-09T00:00:00Z,23556904.45,0.02672531,0.0757,-517790.19,-0.0215,3842764.22,0.0757,424999998,2017-09-30T00:00:00Z
TTT2,TTT2,TTT,The Transfer Token,https://s3.us-east-2.amazonaws.com/nomics-api/static/images/currencies/TTT2.png,active,1.20607619,2020-12-02T00:00:00Z,2020-12-02T21:08:00Z,44889467,54140117,3,6,0,2019-06-04T00:00:00Z,2019-06-04T00:00:00Z,150,-8,4.94361438,2020-05-07T00:00:00Z,1847580.66,-0.10320222,-0.0788,-255523.88,-0.1215,-4622574.50,-0.0787,2000000000,
UTK,UTK,UTK,Utrust,https://s3.us-east-2.amazonaws.com/nomics-api/static/images/currencies/utk.svg,active,0.11944777,2020-12-02T00:00:00Z,2020-12-02T21:09:00Z,450000000,53751495,24,50,0,2017-12-30T00:00:00Z,2018-09-07T00:00:00Z,151,-1,1.12957353,2018-01-09T00:00:00Z,2869452.88,0.00104243,0.0088,-786187.95,-0.2151,469094.85,0.0088,500000000,2018-02-07T00:00:00Z
POLY,POLY,POLY,Polymath,https://s3.us-east-2.amazonaws.com/nomics-api/static/images/currencies/poly.svg,active,0.07253210,2020-12-02T00:00:00Z,2020-12-02T21:08:00Z,735184584,53324480,34,61,0,2018-02-01T00:00:00Z,2018-08-29T00:00:00Z,152,2,1.45911167,2018-02-20T00:00:00Z,2414034.91,0.00376370,0.0547,-1050032.30,-0.3031,2767015.06,0.0547,1000000000,2018-02-01T00:00:00Z
AGI,AGI,AGI,SingularityNET,https://s3.us-east-2.amazonaws.com/nomics-api/static/images/currencies/agi.svg,active,0.05574149,2020-12-02T00:00:00Z,2020-12-02T21:08:00Z,949199128,52909777,19,55,0,2018-01-18T00:00:00Z,2018-08-29T00:00:00Z,153,-1,1.04419318,2018-01-27T00:00:00Z,799429.10,0.00006614,0.0012,118893.98,0.1747,62783.75,0.0012,1000000000,2018-01-18T00:00:00Z
SHR,SHR,SHR,ShareToken,,active,0.02154668,2020-12-02T00:00:00Z,2020-12-02T21:08:00Z,2418778640,52116661,8,15,0,2019-06-19T00:00:00Z,2019-06-19T00:00:00Z,154,-11,0.05161333,2020-08-01T00:00:00Z,1729297.62,-0.00111016,-0.0490,-137037.91,-0.0734,-2685225.78,-0.0490,4396000000,2019-07-10T00:00:00Z
ETN,ETN,ETN,Electroneum,https://s3.us-east-2.amazonaws.com/nomics-api/static/images/currencies/etn.jpg,active,0.00503771,2020-12-02T00:00:00Z,2020-12-02T21:08:00Z,10213985642,51455146,17,34,0,2018-03-14T00:00:00Z,2019-03-14T00:00:00Z,155,1,0.03642755,2018-05-03T00:00:00Z,1411932.16,0.00013935,0.0284,-304858.93,-0.1776,1424649.73,0.0285,21000000000,2018-09-05T00:00:00Z
NRG,NRG,NRG,Energi,https://s3.us-east-2.amazonaws.com/nomics-api/static/images/currencies/nrg.png,active,1.43472282,2020-12-02T00:00:00Z,2020-12-02T21:08:00Z,35486547,50913359,15,22,0,2019-02-28T00:00:00Z,2019-07-26T00:00:00Z,156,1,9.28330930,2019-06-29T00:00:00Z,1544257.86,0.04052755,0.0291,-215992.81,-0.1227,1458027.71,0.0295,,2020-05-17T00:00:00Z
NPXS,NPXS,NPXS,Pundi X,https://s3.us-east-2.amazonaws.com/nomics-api/static/images/currencies/npxs.png,active,0.00020690,2020-12-02T00:00:00Z,2020-12-02T21:08:00Z,236519288706,48936403,65,154,0,2018-03-20T00:00:00Z,2018-08-29T00:00:00Z,157,5,0.01983219,2018-06-02T00:00:00Z,6020725.96,0.00000746,0.0374,-586617.68,-0.0888,1764447.27,0.0374,258526640301,2018-03-20T00:00:00Z
SYS,SYS,SYS,Syscoin,https://s3.us-east-2.amazonaws.com/nomics-api/static/images/currencies/sys.svg,active,0.08058965,2020-12-02T00:00:00Z,2020-12-02T21:07:00Z,601553392,48478977,16,34,0,2014-08-17T00:00:00Z,2018-08-29T00:00:00Z,158,-7,0.97859453,2018-01-13T00:00:00Z,3734880.94,-0.00772200,-0.0874,825329.91,0.2837,-4640194.12,-0.0874,888000000,2015-01-09T00:00:00Z
UQC,UQC,UQC,Uquid Coin,https://s3.us-east-2.amazonaws.com/nomics-api/static/images/currencies/uqc.jpg,active,4.73168990,2020-12-02T00:00:00Z,2020-12-02T21:08:00Z,10000000,47316899,18,93,0,2018-04-25T00:00:00Z,2019-06-19T00:00:00Z,159,4,8.37340492,2020-09-27T00:00:00Z,6179852.75,0.06262579,0.0134,-2771013.20,-0.3096,626257.91,0.0134,40000000,2018-04-25T00:00:00Z
RPL,RPL,RPL,Rocket Pool,https://s3.us-east-2.amazonaws.com/nomics-api/static/images/currencies/RPL.png,active,2.94899742,2020-12-02T00:00:00Z,2020-12-02T21:08:00Z,16006801,47204015,14,23,0,2018-01-08T00:00:00Z,2020-04-09T00:00:00Z,160,-12,4.16654678,2020-11-06T00:00:00Z,1477042.39,-0.38362886,-0.1151,-97614.11,-0.0620,-6090681.37,-0.1143,18000000,2018-01-08T00:00:00Z
TRAC,TRAC,TRAC,OriginTrail,https://s3.us-east-2.amazonaws.com/nomics-api/static/images/currencies/trac.svg,active,0.16255478,2020-12-02T00:00:00Z,2020-12-02T21:08:00Z,289917478,47127471,7,11,0,2018-01-24T00:00:00Z,2019-03-08T00:00:00Z,161,3,0.41979582,2018-01-28T00:00:00Z,280017.79,0.00162604,0.0101,-282763.11,-0.5024,471417.29,0.0101,500000000,2018-01-24T00:00:00Z
AE,AE,AE,Aeternity,https://s3.us-east-2.amazonaws.com/nomics-api/static/images/currencies/ae.svg,active,0.12646596,2020-12-02T00:00:00Z,2020-12-02T21:08:00Z,372085029,47056091,42,94,0,2017-05-29T00:00:00Z,2018-08-29T00:00:00Z,162,-1,5.04216559,2018-04-29T00:00:00Z,9893028.48,-0.00102343,-0.0080,-776791.08,-0.0728,-372235.79,-0.0078,536306702,2017-05-29T00:00:00Z
XZC,XZC,XZC,Zcoin,https://s3.us-east-2.amazonaws.com/nomics-api/static/images/currencies/xzc.svg,active,4.16928405,2020-12-02T00:00:00Z,2020-12-02T21:09:00Z,11275956,47012663,42,85,0,2016-10-20T00:00:00Z,2018-08-29T00:00:00Z,163,-3,123.87772759,2018-01-01T00:00:00Z,2280441.09,-0.12593396,-0.0293,-4054685.85,-0.6400,-1405368.29,-0.0290,21400000,2016-10-23T00:00:00Z
CORE2,CORE2,CORE,cVault.finance,https://s3.us-east-2.amazonaws.com/nomics-api/static/images/currencies/CORE2.png,active,4664.10993772,2020-12-02T00:00:00Z,2020-12-02T21:07:00Z,10000,46641099,2,23,1,2020-09-20T00:00:00Z,2020-09-30T00:00:00Z,164,1,8388.75295632,2020-10-03T00:00:00Z,737856.21,51.04295850,0.0111,-164521.10,-0.1823,510429.58,0.0111,10000,
ZB,ZB,ZB,ZB,https://s3.us-east-2.amazonaws.com/nomics-api/static/images/currencies/zb.jpg,active,0.29225992,2020-12-02T00:00:00Z,2020-12-02T21:08:00Z,158501310,46323580,12,36,0,2019-01-21T00:00:00Z,2019-02-19T00:00:00Z,165,1,0.41723997,2019-06-29T00:00:00Z,5131043.98,0.00865064,0.0305,-2721222.91,-0.3466,1371138.30,0.0305,2100000000,2019-05-28T00:00:00Z
POWR,POWR,POWR,Power Ledger,https://s3.us-east-2.amazonaws.com/nomics-api/static/images/currencies/powr.svg,active,0.10735315,2020-12-02T00:00:00Z,2020-12-02T21:08:00Z,429712892,46131032,39,79,0,2017-11-01T00:00:00Z,2018-08-29T00:00:00Z,166,2,1.82014348,2018-01-07T00:00:00Z,5415727.26,0.00317274,0.0305,170490.29,0.0325,1363365.46,0.0305,1000000000,2017-11-01T00:00:00Z
IOTX,IOTX,IOTX,IoTeX Network,https://s3.us-east-2.amazonaws.com/nomics-api/static/images/currencies/IOTX.jpg,active,0.00797870,2020-12-02T00:00:00Z,2020-12-02T21:07:00Z,5734304441,45752319,20,34,0,2018-05-24T00:00:00Z,2018-08-29T00:00:00Z,167,2,0.06398197,2018-06-01T00:00:00Z,8694349.35,0.00028726,0.0373,-2557050.52,-0.2273,1647261.75,0.0373,9734304443,2018-05-24T00:00:00Z
SERO,SERO,SERO,Super Zero,https://s3.us-east-2.amazonaws.com/nomics-api/static/images/currencies/SERO.png,active,0.15016720,2020-12-01T00:00:00Z,2020-12-01T00:00:00Z,299090405,44913568,22,27,1,2019-05-14T00:00:00Z,2019-07-01T00:00:00Z,168,2049,0.47713185,2019-07-05T00:00:00Z,,,,,,,,650000000,2019-06-29T00:00:00Z
WAN,WAN,WAN,Wanchain,https://s3.us-east-2.amazonaws.com/nomics-api/static/images/currencies/wan.svg,active,0.35132339,2020-12-02T00:00:00Z,2020-12-02T21:09:00Z,125761771,44183051,11,23,0,2018-03-23T00:00:00Z,2018-08-29T00:00:00Z,169,-2,9.78987025,2018-05-03T00:00:00Z,1813505.98,-0.00502857,-0.0141,-758389.86,-0.2949,-640403.78,-0.0143,210000000,2018-03-23T00:00:00Z
DNT,DNT,DNT,district0x,https://s3.us-east-2.amazonaws.com/nomics-api/static/images/currencies/dnt.svg,active,0.05745832,2020-12-02T00:00:00Z,2020-12-02T21:08:00Z,751221716,43163939,20,33,0,2017-07-18T00:00:00Z,2018-08-29T00:00:00Z,170,9,0.40657630,2018-01-06T00:00:00Z,16305730.90,0.00761857,0.1529,12364198.24,3.1369,5723232.13,0.1529,1000000000,2017-07-18T00:00:00Z
TRB,TRB,TRB,Tellor,https://s3.us-east-2.amazonaws.com/nomics-api/static/images/currencies/TRB.jpg,active,26.65365766,2020-12-02T00:00:00Z,2020-12-02T21:09:00Z,1581746,42159319,34,76,0,2017-07-09T00:00:00Z,2020-02-13T00:00:00Z,171,4,73.97134491,2020-08-29T00:00:00Z,33093041.92,1.64403092,0.0657,-6805080.15,-0.1706,2639728.43,0.0668,1662537,2019-09-25T00:00:00Z
HC,HC,HC,HyperCash,https://s3.us-east-2.amazonaws.com/nomics-api/static/images/currencies/hc.png,active,0.91506772,2020-12-02T00:00:00Z,2020-12-02T21:08:00Z,44911788,41097328,24,53,0,2017-10-09T00:00:00Z,2018-08-29T00:00:00Z,172,-2,39.61142818,2017-12-21T00:00:00Z,9852984.71,-0.01655908,-0.0178,-12180004.31,-0.5528,-742111.91,-0.0177,84000000,2017-12-13T00:00:00Z
HARMONY,HARMONY,ONE,Harmony,https://s3.us-east-2.amazonaws.com/nomics-api/static/images/currencies/harmony.jpg,active,0.00549954,2020-12-02T00:00:00Z,2020-12-02T21:08:00Z,7327253000,40296518,20,37,0,2017-07-09T00:00:00Z,2019-06-02T00:00:00Z,173,1,0.02861075,2019-06-05T00:00:00Z,3734416.74,0.00008067,0.0149,-3381266.29,-0.4752,591084.58,0.0149,12636221766,2018-10-16T00:00:00Z
SOLVE,SOLVE,SOLVE,SOLVE,https://s3.us-east-2.amazonaws.com/nomics-api/static/images/currencies/SOLVE.png,active,0.10389496,2020-12-02T00:00:00Z,2020-12-02T21:08:00Z,385000000,39999558,14,25,0,2018-12-17T00:00:00Z,2018-11-29T00:00:00Z,174,6,2.54738256,2018-12-19T00:00:00Z,2408285.59,0.00846162,0.0887,424340.33,0.2139,3257722.57,0.0887,1000000000,2018-12-17T00:00:00Z
LTO,LTO,LTO,LTO Network,https://s3.us-east-2.amazonaws.com/nomics-api/static/images/currencies/LTO.png,active,0.14464174,2020-12-02T00:00:00Z,2020-12-02T21:08:00Z,273368870,39540549,14,24,0,2019-01-17T00:00:00Z,2019-06-04T00:00:00Z,175,-3,0.17003429,2019-06-13T00:00:00Z,13201096.97,-0.00358603,-0.0242,4752760.02,0.5626,-980314.78,-0.0242,403395188,2019-01-17T00:00:00Z
MWC,MWC,MWC,MimbleWimbleCoin,https://s3.us-east-2.amazonaws.com/nomics-api/static/images/currencies/MWC.jpg,active,3.68686289,2020-12-02T00:00:00Z,2020-12-02T21:08:00Z,10673348,39351172,6,11,0,2019-11-19T00:00:00Z,2020-01-07T00:00:00Z,176,-21,30.96616382,2020-02-21T00:00:00Z,389379.79,-1.03418460,-0.2191,-301204.58,-0.4362,-11036197.15,-0.2190,10673348,
HXRO,HXRO,HXRO,HXRO,https://s3.us-east-2.amazonaws.com/nomics-api/static/images/currencies/hxro.jpg,active,0.18839354,2020-12-02T00:00:00Z,2020-12-02T21:08:00Z,206259469,38857952,10,17,0,2019-02-08T00:00:00Z,2019-02-14T00:00:00Z,177,-6,0.24311588,2020-10-30T00:00:00Z,534270.21,-0.00875513,-0.0444,-135397.53,-0.2022,-1805828.50,-0.0444,1000000000,2019-02-08T00:00:00Z
EURS,EURS,EURS,EURS,https://s3.us-east-2.amazonaws.com/nomics-api/static/images/currencies/eurs.png,active,1.21205274,2020-12-02T00:00:00Z,2020-12-02T21:04:00Z,31979207,38760486,18,82,9,2018-07-23T00:00:00Z,2019-02-20T00:00:00Z,178,13,1.23609895,2020-11-08T00:00:00Z,366642.25,0.16233195,0.1546,-78703.58,-0.1767,5191247.08,0.1546,31979207,2018-07-23T00:00:00Z
NEC,NEC,NEC,Nectar,https://s3.us-east-2.amazonaws.com/nomics-api/static/images/currencies/nec.png,active,0.24267955,2020-12-02T00:00:00Z,2020-12-02T20:50:00Z,158325932,38422466,7,15,0,2018-02-14T00:00:00Z,2018-12-14T00:00:00Z,179,2,1.49034853,2018-02-19T00:00:00Z,96863.70,0.01167955,0.0506,-66685.78,-0.4077,1849176.16,0.0506,618133330,2018-02-14T00:00:00Z
AION,AION,AION,Aion,https://s3.us-east-2.amazonaws.com/nomics-api/static/images/currencies/aion.svg,active,0.07654592,2020-12-02T00:00:00Z,2020-12-02T21:08:00Z,487496874,37315895,18,33,0,2017-11-14T00:00:00Z,2018-08-29T00:00:00Z,180,2,10.55342824,2018-01-09T00:00:00Z,820899.23,0.00216156,0.0291,-315253.23,-0.2775,1053754.95,0.0291,487496874,2017-11-14T00:00:00Z
VLX,VLX,VLX,Velas,https://s3.us-east-2.amazonaws.com/nomics-api/static/images/currencies/VLX.jpeg,active,0.02637677,2020-12-02T00:00:00Z,2020-12-02T21:08:00Z,1401195937,36959025,7,16,0,2019-09-18T00:00:00Z,2019-09-27T00:00:00Z,181,6,0.08829817,2020-06-28T00:00:00Z,699544.83,0.00156529,0.0631,-23582.54,-0.0326,2193276.23,0.0631,2086379470,2020-04-30T00:00:00Z
FET,FET,FET,Fetch,https://s3.us-east-2.amazonaws.com/nomics-api/static/images/currencies/fet.jpg,active,0.05337864,2020-12-02T00:00:00Z,2020-12-02T21:08:00Z,688117805,36730791,40,81,0,2019-02-26T00:00:00Z,2019-02-28T00:00:00Z,182,12,0.43421109,2019-03-01T00:00:00Z,3436713.94,0.00553555,0.1157,-963457.02,-0.2190,3809112.65,0.1157,1152997575,2019-02-28T00:00:00Z
HNS,HNS,HNS,Handshake,https://s3.us-east-2.amazonaws.com/nomics-api/static/images/currencies/HNS.jpg,active,0.10834836,2020-12-02T00:00:00Z,2020-12-02T21:06:00Z,338257032,36649595,14,20,0,2020-02-03T00:00:00Z,2020-02-11T00:00:00Z,183,-5,0.64922436,2020-02-08T00:00:00Z,433502.49,-0.00404115,-0.0360,-331142.13,-0.4331,-1338817.64,-0.0352,2040000000,2020-02-03T00:00:00Z
ETHOS,ETHOS,VGX,Voyager Token,https://s3.us-east-2.amazonaws.com/nomics-api/static/images/currencies/ETHOS.png,active,0.16448802,2020-12-02T00:00:00Z,2020-12-02T21:08:00Z,222295208,36564899,15,39,0,2017-06-23T00:00:00Z,2018-08-29T00:00:00Z,184,0,11.16665896,2018-01-07T00:00:00Z,234621.53,0.00511167,0.0321,-37820.43,-0.1388,1136299.90,0.0321,222295208,2017-06-23T00:00:00Z
MLN,MLN,MLN,Melon,https://s3.us-east-2.amazonaws.com/nomics-api/static/images/currencies/mln.svg,active,30.01344815,2020-12-02T00:00:00Z,2020-12-02T21:08:00Z,1217820,36550989,24,52,0,2017-03-15T00:00:00Z,2018-09-12T00:00:00Z,185,0,262.01097948,2018-01-04T00:00:00Z,1667901.96,0.51495518,0.0175,-924121.31,-0.3565,1165470.41,0.0329,1524032,2017-03-15T00:00:00Z
BTU,BTU,BTU,BTU Protocol,https://s3.us-east-2.amazonaws.com/nomics-api/static/images/currencies/btu.svg,active,0.51373136,2020-12-02T00:00:00Z,2020-12-02T21:07:00Z,70014406,35968596,8,8,0,2019-01-31T00:00:00Z,2019-01-31T00:00:00Z,186,-3,0.65845287,2020-10-14T00:00:00Z,401877.30,0.00501350,0.0099,124364.55,0.4481,351017.55,0.0099,100000000,2019-01-31T00:00:00Z
QKC,QKC,QKC,QuarkChain,https://s3.us-east-2.amazonaws.com/nomics-api/static/images/currencies/qkc.png,active,0.00559594,2020-12-02T00:00:00Z,2020-12-02T21:08:00Z,6383980519,35724370,29,54,0,2018-06-04T00:00:00Z,2018-08-29T00:00:00Z,187,-1,0.22828698,2018-06-05T00:00:00Z,3948855.24,0.00009570,0.0174,-669336.22,-0.1449,614363.35,0.0175,10000000000,2018-06-04T00:00:00Z
WICC,WICC,WICC,WaykiChain,https://s3.us-east-2.amazonaws.com/nomics-api/static/images/currencies/wicc.png,active,0.18671265,2020-12-02T00:00:00Z,2020-12-02T21:09:00Z,189000000,35288690,21,34,0,2018-07-04T00:00:00Z,2019-02-15T00:00:00Z,188,0,1.07654530,2020-02-13T00:00:00Z,15449430.11,0.00450486,0.0247,-10296464.59,-0.3999,851418.59,0.0247,210000000,2019-06-19T00:00:00Z
TT,TT,TT,ThunderCore,https://s3.us-east-2.amazonaws.com/nomics-api/static/images/currencies/TT.png,active,0.00547728,2020-12-02T00:00:00Z,2020-12-02T21:08:00Z,6350504113,34783495,11,20,0,2019-05-09T00:00:00Z,2019-05-09T00:00:00Z,189,4,0.02256033,2019-05-13T00:00:00Z,20432689.46,0.00023105,0.0440,-10859781.78,-0.3470,1467298.70,0.0440,10000000000,
RDD,RDD,RDD,ReddCoin,https://s3.us-east-2.amazonaws.com/nomics-api/static/images/currencies/rdd.svg,active,0.00114044,2020-12-02T00:00:00Z,2020-12-02T21:07:00Z,29834605064,34024463,18,50,0,2014-02-25T00:00:00Z,2018-09-12T00:00:00Z,190,0,0.02937238,2018-01-06T00:00:00Z,133234.31,0.00000803,0.0071,-21521.90,-0.1391,241243.42,0.0071,,2017-11-22T00:00:00Z
ORBS,ORBS,ORBS,Orbs,https://s3.us-east-2.amazonaws.com/nomics-api/static/images/currencies/orbs.jpg,active,0.01492077,2020-12-02T00:00:00Z,2020-12-02T21:07:00Z,2275944118,33958831,16,24,0,2019-04-02T00:00:00Z,2019-04-03T00:00:00Z,191,4,0.04681536,2019-04-18T00:00:00Z,1917368.82,0.00048795,0.0338,-428393.00,-0.1826,1110546.91,0.0338,10000000000,2019-04-03T00:00:00Z
KEEP,KEEP,KEEP,Keep Network,https://s3.us-east-2.amazonaws.com/nomics-api/static/images/currencies/KEEP.jpeg,active,0.31225777,2020-12-02T00:00:00Z,2020-12-02T21:08:00Z,107775118,33653618,12,16,0,2020-05-12T00:00:00Z,2020-05-19T00:00:00Z,192,4,2.33945640,2020-05-19T00:00:00Z,1437473.47,0.00831658,0.0274,-430076.16,-0.2303,896320.10,0.0274,1000000000,2020-11-24T00:00:00Z
NOIANETWORK,NOIANETWORK,NOIA,NOIA Network,https://s3.us-east-2.amazonaws.com/nomics-api/static/images/currencies/NOIANETWORK.png,active,0.09839246,2020-12-02T00:00:00Z,2020-12-02T21:08:00Z,341236634,33575112,3,5,0,2019-07-22T00:00:00Z,2019-07-26T00:00:00Z,193,6,0.13626417,2020-08-17T00:00:00Z,466704.03,0.00387219,0.0410,-448.70,-0.0010,1321331.75,0.0410,1000000000,
ZAP,ZAP,ZAP,Zap Token,https://s3.us-east-2.amazonaws.com/nomics-api/static/images/currencies/zap.png,active,0.14038056,2020-12-02T00:00:00Z,2020-12-02T21:08:00Z,238944465,33543158,10,16,0,2017-12-02T00:00:00Z,2019-10-18T00:00:00Z,194,-17,0.89017183,2018-01-15T00:00:00Z,2439802.36,-0.02320001,-0.1418,296714.61,0.1385,-5543513.72,-0.1418,520000000,2017-12-02T00:00:00Z
ADX,ADX,ADX,AdEx,https://s3.us-east-2.amazonaws.com/nomics-api/static/images/currencies/ADX.png,active,0.30876780,2020-12-02T00:00:00Z,2020-12-02T21:08:00Z,107482552,33187151,12,24,0,2017-06-27T00:00:00Z,2018-08-29T00:00:00Z,195,6,3.60005620,2018-04-22T00:00:00Z,8113563.60,0.01715745,0.0588,4831692.01,1.4722,1847957.06,0.0590,114625029,2017-06-27T00:00:00Z
LOKI,LOKI,LOKI,Loki Network,https://s3.us-east-2.amazonaws.com/nomics-api/static/images/currencies/LOKI.jpeg,active,0.62788031,2020-12-02T00:00:00Z,2020-12-02T21:08:00Z,52337524,32861701,5,7,0,2019-02-26T00:00:00Z,2019-06-10T00:00:00Z,196,4,0.94759789,2020-09-02T00:00:00Z,89701.23,0.01668660,0.0273,-154461.97,-0.6326,887644.12,0.0278,,2019-08-06T00:00:00Z
VSYS,VSYS,VSYS,V Systems,https://s3.us-east-2.amazonaws.com/nomics-api/static/images/currencies/vsys.jpg,active,0.01527567,2020-12-02T00:00:00Z,2020-12-02T21:09:00Z,2149359154,32832911,26,50,0,2019-01-18T00:00:00Z,2019-01-18T00:00:00Z,197,0,0.26796697,2019-07-28T00:00:00Z,2059309.48,0.00023852,0.0159,-1392261.47,-0.4034,524079.53,0.0162,999999999999999,2019-01-18T00:00:00Z
USDK,USDK,USDK,USDK,https://s3.us-east-2.amazonaws.com/nomics-api/static/images/currencies/USDK.png,active,1.00038989,2020-12-02T00:00:00Z,2020-12-02T21:06:00Z,32478711,32491374,14,71,1,2019-06-03T00:00:00Z,2019-06-03T00:00:00Z,198,0,1.02870448,2020-03-13T00:00:00Z,178274489.68,0.00711084,0.0072,-49262426.56,-0.2165,230950.77,0.0072,32478711,2019-06-15T00:00:00Z
STRAT,STRAT,STRAT,Stratis,https://s3.us-east-2.amazonaws.com/nomics-api/static/images/currencies/strat.svg,active,0.32449673,2020-12-02T00:00:00Z,2020-12-02T21:06:00Z,100057635,32468375,17,41,0,2016-08-10T00:00:00Z,2018-08-29T00:00:00Z,199,-7,22.17492421,2018-01-08T00:00:00Z,8904.27,-0.00999766,-0.0299,-28332.48,-0.7609,-999915.34,-0.0299,,2016-12-19T00:00:00Z
AVA,AVA,AVA,Travala.com,https://s3.us-east-2.amazonaws.com/nomics-api/static/images/currencies/AVA.png,active,0.82005609,2020-12-02T00:00:00Z,2020-12-02T21:08:00Z,38554254,31616651,15,34,0,2018-09-01T00:00:00Z,2019-06-04T00:00:00Z,200,3,2.05724562,2020-08-10T00:00:00Z,1172354.99,0.02050423,0.0256,-678579.89,-0.3666,790525.47,0.0256,61383832,2018-09-01T00:00:00Z